CATEGORY,SUB-CATEGORY,GENERIC NAME,PRODUCT NAME,PRODUCT BRAND,PRODUCT OFFER PRICE,PRODUCT MAXIMUM RETAIL PRICE,PRODUCT IMAGE URL,PRODUCT RATING,PRODUCT COO TAG,PRODUCT SELLER,QUANTITY,SELLER USERNAME
Fashion,Men Top Wear,T Shirts,Solid Men Round Neck Light Blue T-Shirt,FTX,189,599,https://rukminim2.flixcart.com/image/714/857/kq9ta4w0/t-shirt/w/k/7/m-723-3-ftx-original-imag4bhzaucgpuh3.jpeg?q=50,4.1,India,FORCAS APPARELS ,50,retailnet@gmail.com
Fashion,Men Top Wear,T Shirts,Solid Men Round Neck Black T-Shirt,FTX,189,599,https://rukminim2.flixcart.com/image/714/857/kq9ta4w0/t-shirt/s/4/z/m-723-2-ftx-original-imag4bhz7hrxbgmh.jpeg?q=50,4.1,India,FORCAS APPARELS ,50,retailnet@gmail.com
Fashion,Men Top Wear,T Shirts,"Solid Men Mandarin Collar Brown, Black T-Shirt",TRIPR,239,"1,999",https://rukminim2.flixcart.com/image/714/857/kyrlifk0/t-shirt/2/a/v/xxl-tbrblhenful-d37-tripr-original-imagax9ucbwhf7wn.jpeg?q=50,3.9,India,TRIPR,50,retailnet@gmail.com
Fashion,Men Top Wear,T Shirts,Color Block Men Round Neck Grey T-Shirt,Eyebogler,189,"1,299",https://rukminim2.flixcart.com/image/714/857/kkfrjww0/t-shirt/h/1/t/l-t312-cgblwh-new-eyebogler-original-imafzs5hrjgzsfpr.jpeg?q=50,3.9,India,MenRocks,50,retailnet@gmail.com
Fashion,Men Top Wear,T Shirts,"Striped Men Hooded Neck Red, Black T-Shirt",HELMONT,123,999,https://rukminim2.flixcart.com/image/714/857/kf1fo280hlty2aw-0/t-shirt/w/s/e/-original-imafdfvvr8hqdu65.jpeg?q=50,4,India,Helmont,50,retailnet@gmail.com
Fashion,Men Top Wear,T Shirts,"Striped Men Round Neck Maroon, Grey T-Shirt",BLIVE,205,"1,399",https://rukminim2.flixcart.com/image/714/857/keykscw0-0/t-shirt/l/d/q/3xl-bmrgyrnful-z12-blive-original-imafvgzkyjghf7ba.jpeg?q=50,4,India,TRIPR,50,retailnet@gmail.com
Fashion,Men Top Wear,T Shirts,Solid Men Polo Neck Black T-Shirt,HRX by Hrithik Roshan,369,"1,299",https://rukminim2.flixcart.com/image/714/857/jvfk58w0/t-shirt/x/g/d/l-hrxss18mk-1001-a-hrx-by-hrithik-roshan-original-imafgc26zjagpcdq.jpeg?q=50,3.8,India,RetailNet,50,retailnet@gmail.com
Fashion,Men Top Wear,T Shirts,"Solid Men Mandarin Collar Dark Blue, Maroon T-Shirt",FastColors,139,"1,999",https://rukminim2.flixcart.com/image/714/857/kxjav0w0/t-shirt/u/y/1/xxl-fc4056-fastcolors-original-imag9z24zcz8mmxb.jpeg?q=50,4,India,FastColors,50,retailnet@gmail.com
Fashion,Men Top Wear,T Shirts,Printed Men Round Neck Yellow T-Shirt,BLIVE,159,"1,999",https://rukminim2.flixcart.com/image/714/857/kzllrbk0/t-shirt/b/6/d/l-bylrn-z31-blive-original-imagbkqgknxgmncw.jpeg?q=50,3.8,India,TRIPR,50,retailnet@gmail.com
Fashion,Men Top Wear,T Shirts,Solid Men Round Neck Blue T-Shirt,FTX,189,599,https://rukminim2.flixcart.com/image/714/857/kq9ta4w0/t-shirt/o/t/d/s-723-6-ftx-original-imag4bhzkshdkr68.jpeg?q=50,4.1,India,FORCAS APPARELS ,50,retailnet@gmail.com
Fashion,Men Top Wear,T Shirts,"Striped Men Round Neck Black, Light Green T-Shirt",Aelomart,366,"1,499",https://rukminim2.flixcart.com/image/714/857/jwmfcsw0/t-shirt/p/f/d/xxl-awt1020ol-aelomart-original-imaf7qdtbzggxbpu.jpeg?q=50,4.1,India,AELOMART,50,retailnet@gmail.com
Fashion,Men Top Wear,T Shirts,"Striped Men Round Neck Yellow, Blue, White T-Shirt",Eyebogler,289,"1,299",https://rukminim2.flixcart.com/image/714/857/kz3118w0/t-shirt/o/q/f/l-t305-as10yldnwh-eyebogler-original-imagb62bzjrgqa5v.jpeg?q=50,4.2,India,SevenRocks,50,retailnet@gmail.com
Fashion,Men Top Wear,Shirt,Men Slim Fit Checkered Casual Shirt,Surhi,339,"1,999",https://rukminim2.flixcart.com/image/714/857/kc0u7bk0/shirt/k/a/a/m-pk19sh09g-surhi-original-imaft8vgvhmhbhsy.jpeg?q=50,3.8,India,SURASHAS,50,retailnet@gmail.com
Fashion,Men Top Wear,T Shirts,Self Design Men Round Neck Black T-Shirt,Eyebogler,189,"1,299",https://rukminim2.flixcart.com/image/714/857/khmbafk0-0/t-shirt/w/j/s/xs-t322-blwh-seven-rocks-original-imafxhagtyj2xvpn.jpeg?q=50,4.1,India,MenRocks,50,retailnet@gmail.com
Fashion,Men Top Wear,T Shirts,Printed Men Hooded Neck Red T-Shirt,TRIPR,243,"1,399",https://rukminim2.flixcart.com/image/714/857/kqy3rm80/t-shirt/e/i/d/4xl-trdhdfulmask-lion-tripr-original-imag4u95bzrmjhnv.jpeg?q=50,4.1,India,TRIPR,50,retailnet@gmail.com
Fashion,Men Top Wear,T Shirts,Solid Men Round Neck Light Blue T-Shirt,FTX,189,599,https://rukminim2.flixcart.com/image/714/857/kq9ta4w0/t-shirt/w/k/7/m-723-3-ftx-original-imag4bhzaucgpuh3.jpeg?q=50,4.1,India,FORCAS APPARELS ,50,retailnet@gmail.com
Fashion,Men Top Wear,T Shirts,Solid Men Round Neck Black T-Shirt,FTX,189,599,https://rukminim2.flixcart.com/image/714/857/kq9ta4w0/t-shirt/s/4/z/m-723-2-ftx-original-imag4bhz7hrxbgmh.jpeg?q=50,4.1,India,FORCAS APPARELS ,50,retailnet@gmail.com
Fashion,Men Top Wear,T Shirts,Solid Men Round Neck White T-Shirt,GREY BOX,191,"1,195",https://rukminim2.flixcart.com/image/714/857/kf8kvbk0-0/t-shirt/d/t/o/l-tshrt-pln-whit-grey-box-original-imafvqr8bhrr5g6p.jpeg?q=50,4,India,Grey Box Clothing,50,retailnet@gmail.com
Fashion,Men Top Wear,T Shirts,Solid Men Hooded Neck Black T-Shirt,Eyebogler,239,"1,299",https://rukminim2.flixcart.com/image/714/857/kiyw9e80-0/t-shirt/z/s/j/m-t2-seven-rocks-original-imafyn68m9v2pvwh.jpeg?q=50,4.1,India,SevenRocks,50,retailnet@gmail.com
Fashion,Men Top Wear,T Shirts,Color Block Men Round Neck Multicolor T-Shirt,TRIPR,169,"1,399",https://rukminim2.flixcart.com/image/714/857/kr6oeq80/t-shirt/m/h/u/l-tblwtrdrn-d27-tripr-original-imag5fbm3gcf8tcz.jpeg?q=50,4,India,TRIPR,50,retailnet@gmail.com
Fashion,Men Top Wear,T Shirts,"Color Block Men Hooded Neck White, Red, Black T-Shirt",Eyebogler,189,"1,299",https://rukminim2.flixcart.com/image/714/857/kkec4280/t-shirt/b/m/i/l-t345-blwhrd-new-eyebogler-original-imafzr4f7nxecr44.jpeg?q=50,3.9,India,SevenRocks,50,retailnet@gmail.com
Fashion,Men Top Wear,T Shirts,Solid Men Polo Neck Black T-Shirt,HRX by Hrithik Roshan,369,"1,299",https://rukminim2.flixcart.com/image/714/857/jvfk58w0/t-shirt/x/g/d/l-hrxss18mk-1001-a-hrx-by-hrithik-roshan-original-imafgc26zjagpcdq.jpeg?q=50,3.8,India,RetailNet,50,retailnet@gmail.com
Fashion,Men Top Wear,T Shirts,Solid Men Round Neck Blue T-Shirt,FTX,189,599,https://rukminim2.flixcart.com/image/714/857/kq9ta4w0/t-shirt/o/t/d/s-723-6-ftx-original-imag4bhzkshdkr68.jpeg?q=50,4.1,India,FORCAS APPARELS ,50,retailnet@gmail.com
Fashion,Men Top Wear,T Shirts,Striped Men Round Neck Blue T-Shirt,Reya,223,"1,499",https://rukminim2.flixcart.com/image/714/857/kzd147k0/t-shirt/q/z/m/m-tsrt-303-reya-original-imagbefyffzh68wj.jpeg?q=50,3.9,India,REYA,50,retailnet@gmail.com
Fashion,Men Top Wear,T Shirts,Solid Men Round Neck Black T-Shirt,HRX by Hrithik Roshan,285,699,https://rukminim2.flixcart.com/image/714/857/jw5a2kw0/t-shirt/g/k/f/m-8692181-hrx-by-hrithik-roshan-original-imafgwgnqswe6bsz.jpeg?q=50,4.2,India,RetailNet,50,retailnet@gmail.com
Fashion,Men Top Wear,T Shirts,"Solid Men Henley Neck Black, Yellow T-Shirt",TRIPR,191,"1,999",https://rukminim2.flixcart.com/image/714/857/klzhq4w0/t-shirt/u/v/z/s-tblylhenful-d33-tripr-original-imagyzshrjeauzhf.jpeg?q=50,3.8,India,TRIPR,50,retailnet@gmail.com
Fashion,Men Top Wear,T Shirts,"Solid Men Mandarin Collar Dark Green, Black T-Shirt",TRIPR,194,"1,999",https://rukminim2.flixcart.com/image/714/857/kn7sdjk0/t-shirt/f/u/r/l-togrblhenful-d37-tripr-original-imagfy2mdyqhnham.jpeg?q=50,3.9,India,TRIPR,50,retailnet@gmail.com
Fashion,Men Top Wear,T Shirts,"Striped Men Round Neck Dark Blue, Grey T-Shirt",BLIVE,182,"1,399",https://rukminim2.flixcart.com/image/714/857/keykscw0-0/t-shirt/i/3/k/l-bnvgyrnful-z12-blive-original-imafvgzkq2hhpguh.jpeg?q=50,4,India,TRIPR,50,retailnet@gmail.com
Fashion,Men Top Wear,T Shirts,Printed Men Hooded Neck Black T-Shirt,Eyebogler,289,"1,299",https://rukminim2.flixcart.com/image/714/857/kk8mcnk0/t-shirt/y/b/u/l-t339hs-blyl-new-eyebogler-original-imafzmkyghgqzkad.jpeg?q=50,4.2,India,MenRocks,50,retailnet@gmail.com
Fashion,Men Top Wear,T Shirts,Solid Men Mandarin Collar Maroon T-Shirt,Reya,215,"1,499",https://rukminim2.flixcart.com/image/714/857/kzd147k0/t-shirt/z/o/q/s-tsrt-116-reya-original-imagbe275uykyfpp.jpeg?q=50,3.9,India,REYA,50,retailnet@gmail.com
Fashion,Men Top Wear,T Shirts,"Color Block Men Hooded Neck Light Green, Black T-Shirt",HELMONT,199,999,https://rukminim2.flixcart.com/image/714/857/ke8uv0w0-0/t-shirt/b/l/a/s-hm-1001-ramagreen-helmont-original-imafuya47wfh9gp5.jpeg?q=50,4,India,Helmont,50,retailnet@gmail.com
Fashion,Men Top Wear,T Shirts,Solid Men Hooded Neck Yellow T-Shirt,HELMONT,199,999,https://rukminim2.flixcart.com/image/714/857/kflftzk0-0/t-shirt/p/d/v/l-hm-1001-mustard-black-helmont-original-imafwyfb2tqmjdhw.jpeg?q=50,4,India,Helmont,50,retailnet@gmail.com
Fashion,Men Top Wear,T Shirts,Color Block Men Round Neck Multicolor T-Shirt,Eyebogler,239,"1,299",https://rukminim2.flixcart.com/image/714/857/kkvhea80hlty2aw/t-shirt/6/k/m/xl-1-t324hs-ornbwh-eyebogler-original-imagy4aqgrpznfgv.jpeg?q=50,4.1,India,MenRocks,50,retailnet@gmail.com
Fashion,Men Top Wear,T Shirts,"Color Block Men Round Neck White, Black, Yellow T-Shirt",MANIAC,228,959,https://rukminim2.flixcart.com/image/714/857/ju1jqfk0/t-shirt/u/z/4/l-men-ss19-rgln-hs-white-ylw-blk-strp-maniac-original-imaff9e8dpqzhwgu.jpeg?q=50,4,India,maniaclife,50,retailnet@gmail.com
Fashion,Men Top Wear,T Shirts,Printed Men Round Neck Yellow T-Shirt,JUGULAR,189,999,https://rukminim2.flixcart.com/image/714/857/kzx1a4w0/t-shirt/v/v/r/s-1jgrh-ngup-must-jugular-original-imagbtfrmparbh5w.jpeg?q=50,4.2,India,DressDen,50,retailnet@gmail.com
Fashion,Men Top Wear,T Shirts,Printed Men Hooded Neck Yellow T-Shirt,FastColors,139,"1,999",https://rukminim2.flixcart.com/image/714/857/l0bbonk0/shopsy-t-shirt/m/9/i/m-sh4162-fastcolors-original-imagc4zpcqufbzny.jpeg?q=50,4,India,FastColors,50,retailnet@gmail.com
Fashion,Men Top Wear,T Shirts,"Printed Men Round Neck Black, Red T-Shirt",Eyebogler,189,"1,299",https://rukminim2.flixcart.com/image/714/857/ky1vl3k0/t-shirt/x/2/s/xs-t406-blrd-eyebogler-original-imagadzrgde5r9eg.jpeg?q=50,3.9,India,MenRocks,50,retailnet@gmail.com
Fashion,Men Top Wear,Shirt,Men Slim Fit Solid Spread Collar Casual Shirt,Jai Textiles,353,"1,899",https://rukminim2.flixcart.com/image/714/857/kpydrbk0/shirt/g/9/p/s-black-5-jai-textiles-original-imag42m5hcfue7np.jpeg?q=50,3.9,India,JaiTextiles,50,retailnet@gmail.com
Fashion,Men Top Wear,T Shirts,Color Block Men Round Neck Black T-Shirt,Eyebogler,199,"1,299",https://rukminim2.flixcart.com/image/714/857/kkfrjww0/t-shirt/d/d/v/m-t312-blphwh-new-eyebogler-original-imafzs5kzefteds4.jpeg?q=50,3.9,India,SevenRocks,50,retailnet@gmail.com
Fashion,Men Top Wear,Shirt,Men Regular Fit Solid Mandarin Collar Casual Shirt,Qlonz store,337,"1,999",https://rukminim2.flixcart.com/image/714/857/k3g73bk0/shirt/r/f/q/l-black-trending-shirt-qlonz-store-original-imafmktmchyzhjeq.jpeg?q=50,4,India,Qlonz,50,retailnet@gmail.com
Fashion,Men Top Wear,T Shirts,Solid Men Round Neck Multicolor T-Shirt  (Pack of 4),AWG,439,"2,999",https://rukminim2.flixcart.com/image/714/857/jwgple80/t-shirt/c/v/z/m-awgdft-bl-bu-dgr-wh-awg-original-imafh5dznfanyf8m.jpeg?q=50,3.7,India,,50,retailnet@gmail.com
Fashion,Men Top Wear,Shirt,Men Regular Fit Striped Spread Collar Casual Shirt,icome,284,899,https://rukminim2.flixcart.com/image/714/857/kmccosw0/shirt/t/l/2/xl-men-regular-super-slim-fit-striped-casual-shirt-icome-original-imagf9q2epye5kks.jpeg?q=50,4.1,India,SVENTERPRICE,50,retailnet@gmail.com
Fashion,Men Top Wear,Shirt,Men Slim Fit Solid Button Down Collar Casual Shirt,VeBNoR,359,"1,849",https://rukminim2.flixcart.com/image/714/857/klicfww0/shirt/6/0/n/s-st2-vebnor-original-imagymhyterasskh.jpeg?q=50,4.1,India,PRIME IMPEX,50,retailnet@gmail.com
Fashion,Men Top Wear,T Shirts,Color Block Men Round Neck Yellow T-Shirt,Eyebogler,199,"1,299",https://rukminim2.flixcart.com/image/714/857/kkfrjww0/t-shirt/w/2/w/m-t312-lmblwh-new-eyebogler-original-imafzs5kagnntn2p.jpeg?q=50,3.9,India,MenRocks,50,retailnet@gmail.com
Fashion,Men Top Wear,T Shirts,Printed Men Round Neck Black T-Shirt,METRONAUT,239,849,https://rukminim2.flixcart.com/image/714/857/kz1lle80/t-shirt/i/m/f/m-maw21cn031a-metronaut-original-imagb56qb87g9acq.jpeg?q=50,4.3,India,RetailNet,50,retailnet@gmail.com
Fashion,Men Top Wear,T Shirts,Printed Men Round Neck Black T-Shirt,Jump Cuts,139,"1,519",https://rukminim2.flixcart.com/image/714/857/kubk70w0/t-shirt/u/h/b/l-jc21-rn-fs-black-grey-spray-aop-jump-cuts-original-imag7h356jekpu2k.jpeg?q=50,3.9,India,maniaclife,50,retailnet@gmail.com
Fashion,Men Top Wear,T Shirts,Solid Men Polo Neck Black T-Shirt,Eyebogler,189,"1,299",https://rukminim2.flixcart.com/image/714/857/kjx6tu80/t-shirt/s/q/k/xxl-t304-seven-rocks-original-imafzdpykqzqtzyz.jpeg?q=50,3.9,India,SevenRocks,50,retailnet@gmail.com
Fashion,Men Top Wear,T Shirts,"Printed Men Hooded Neck Dark Green, Black T-Shirt",BLIVE,139,"1,399",https://rukminim2.flixcart.com/image/714/857/kixgtjk0-0/t-shirt/h/u/4/s-bogrblhdful-z15-blive-original-imafyhv6qgdhmvzc.jpeg?q=50,4,India,TRIPR,50,retailnet@gmail.com
Fashion,Men Top Wear,T Shirts,Solid Men Round Neck Light Blue T-Shirt,FTX,189,599,https://rukminim2.flixcart.com/image/714/857/kq9ta4w0/t-shirt/w/k/7/m-723-3-ftx-original-imag4bhzaucgpuh3.jpeg?q=50,4.1,India,FORCAS APPARELS ,50,retailnet@gmail.com
Fashion,Men Top Wear,T Shirts,Color Block Men Round Neck Red T-Shirt,Eyebogler,199,"1,299",https://rukminim2.flixcart.com/image/714/857/kkfrjww0/t-shirt/t/v/v/3xl-t312-blrdwh-eyebogler-original-imafzs5kmgcytfsv.jpeg?q=50,3.9,India,MenRocks,50,retailnet@gmail.com
Fashion,Men Top Wear,T Shirts,Striped Men Round Neck Blue T-Shirt,Eyebogler,185,"1,299",https://rukminim2.flixcart.com/image/714/857/kyxb9u80/t-shirt/k/n/y/xl-t67-nbwh-eyebogler-original-imagbfyc3rkzaj2y.jpeg?q=50,3.9,India,MenRocks,50,retailnet@gmail.com
Fashion,Men Top Wear,T Shirts,"Color Block Men Round Neck White, Black, Yellow T-Shirt",MANIAC,228,959,https://rukminim2.flixcart.com/image/714/857/ju1jqfk0/t-shirt/u/z/4/l-men-ss19-rgln-hs-white-ylw-blk-strp-maniac-original-imaff9e8dpqzhwgu.jpeg?q=50,4,India,maniaclife,50,retailnet@gmail.com
Fashion,Men Top Wear,T Shirts,Solid Men Round Neck Black T-Shirt,FTX,189,599,https://rukminim2.flixcart.com/image/714/857/kq9ta4w0/t-shirt/s/4/z/m-723-2-ftx-original-imag4bhz7hrxbgmh.jpeg?q=50,4.1,India,FORCAS APPARELS ,50,retailnet@gmail.com
Fashion,Men Top Wear,T Shirts,Solid Men Round Neck Black T-Shirt,GREY BOX,191,"1,195",https://rukminim2.flixcart.com/image/714/857/kf4ajrk0-0/t-shirt/t/k/m/xl-tshrt-pln-blck-grey-box-original-imafvnmhy2f44wvh.jpeg?q=50,4,India,Grey Box Clothing,50,retailnet@gmail.com
Fashion,Men Top Wear,T Shirts,Printed Men Round Neck Red T-Shirt,BLIVE,139,"1,999",https://rukminim2.flixcart.com/image/714/857/kzu6efk0/t-shirt/b/q/n/xs-brdrn-z31-blive-original-imagbr9pvkgga3ct.jpeg?q=50,3.8,India,TRIPR,50,retailnet@gmail.com
Fashion,Men Top Wear,T Shirts,"Color Block Men Round Neck Blue, Red, White T-Shirt",GESPO,224,"1,199",https://rukminim2.flixcart.com/image/714/857/kp4difk0/t-shirt/b/v/b/xxl-ges2077-gespo-original-imag3fctfhzrr74f.jpeg?q=50,4,India,FROST,50,retailnet@gmail.com
Fashion,Men Top Wear,T Shirts,Solid Men Polo Neck Black T-Shirt,HRX by Hrithik Roshan,369,"1,299",https://rukminim2.flixcart.com/image/714/857/jvfk58w0/t-shirt/x/g/d/l-hrxss18mk-1001-a-hrx-by-hrithik-roshan-original-imafgc26zjagpcdq.jpeg?q=50,3.8,India,RetailNet,50,retailnet@gmail.com
Fashion,Men Top Wear,T Shirts,"Solid Men Round Neck Dark Blue, Black T-Shirt  (Pack of 2)",TQH,298,"1,998",https://rukminim2.flixcart.com/image/714/857/knhsgi80/t-shirt/m/i/t/l-tss801-2-tqh-original-imag25wmkvzhmvfa.jpeg?q=50,4.2,India,Everseen India,50,retailnet@gmail.com
Fashion,Men Top Wear,T Shirts,Printed Men Round Neck Red T-Shirt,JUGULAR,209,888,https://rukminim2.flixcart.com/image/714/857/kz8qsnk0/t-shirt/w/m/i/l-1jgrh-feather-red-jugular-original-imagbazkjzzqsw8g.jpeg?q=50,4.3,India,DressDen,50,retailnet@gmail.com
Fashion,Men Top Wear,T Shirts,Solid Men Hooded Neck Black T-Shirt,TRIPR,224,"1,999",https://rukminim2.flixcart.com/image/714/857/kjhgzgw0-0/t-shirt/h/s/2/xxl-tblhdful-d10-tripr-original-imafzfk2cxynenfd.jpeg?q=50,4.1,India,TRIPR,50,retailnet@gmail.com
Fashion,Men Top Wear,T Shirts,Solid Men Round Neck Blue T-Shirt,FTX,189,599,https://rukminim2.flixcart.com/image/714/857/kq9ta4w0/t-shirt/o/t/d/s-723-6-ftx-original-imag4bhzkshdkr68.jpeg?q=50,4.1,India,FORCAS APPARELS ,50,retailnet@gmail.com
Fashion,Men Top Wear,Shirt,Men Slim Fit Solid Mandarin Collar Casual Shirt,Dennis Lingo,440,"1,849",https://rukminim2.flixcart.com/image/714/857/jur9nrk0/shirt/k/g/y/s-cc201-skyblue-dennis-lingo-original-imaffhsyqsrmp2vh.jpeg?q=50,4.1,India,DennislingoSwastik,50,retailnet@gmail.com
Fashion,Men Top Wear,Shirt,Men Slim Fit Solid Button Down Collar Casual Shirt,VeBNoR,339,"1,849",https://rukminim2.flixcart.com/image/714/857/l1jmc280/shirt/i/x/p/xl-st2-vebnor-original-imagd2ym7cbtqrjw.jpeg?q=50,4.1,India,PRIME IMPEX,50,retailnet@gmail.com
Fashion,Men Top Wear,Shirt,Men Slim Fit Color Block Spread Collar Casual Shirt,Try This,325,999,https://rukminim2.flixcart.com/image/714/857/kf8kvbk0-0/t-shirt/r/0/v/m-hct06-headzup-original-imafvqsrgbatzpnz.jpeg?q=50,3.9,India,MJ INDUSTRIES,50,retailnet@gmail.com
Fashion,Men Top Wear,T Shirts,Solid Men Round Neck Light Blue T-Shirt,FTX,189,599,https://rukminim2.flixcart.com/image/714/857/kq9ta4w0/t-shirt/w/k/7/m-723-3-ftx-original-imag4bhzaucgpuh3.jpeg?q=50,4.1,India,FORCAS APPARELS ,50,retailnet@gmail.com
Fashion,Men Top Wear,T Shirts,Solid Men Polo Neck Maroon T-Shirt,Eyebogler,289,"1,299",https://rukminim2.flixcart.com/image/714/857/kzegk280/t-shirt/m/a/c/s-t16-wrnb-sr-eyebogler-original-imagbfy2fuv2f7tg.jpeg?q=50,4,India,MenRocks,50,retailnet@gmail.com
Fashion,Men Top Wear,T Shirts,Color Block Men Round Neck Black T-Shirt,Eyebogler,210,"1,299",https://rukminim2.flixcart.com/image/714/857/k6l2vm80/t-shirt/k/q/u/l-t25-blagrd-seven-rocks-original-imafpymmrg8z4trv.jpeg?q=50,4,India,SevenRocks,50,retailnet@gmail.com
Fashion,Men Top Wear,Shirt,Men Slim Fit Solid Casual Shirt,Try This,275,999,https://rukminim2.flixcart.com/image/714/857/kylvr0w0/shirt/6/1/i/l-gbs-try-this-original-imagasq5hystyshv.jpeg?q=50,4,India,MJ INDUSTRIES,50,retailnet@gmail.com
Fashion,Men Top Wear,T Shirts,Solid Men Round Neck Black T-Shirt,FTX,189,599,https://rukminim2.flixcart.com/image/714/857/kq9ta4w0/t-shirt/s/4/z/m-723-2-ftx-original-imag4bhz7hrxbgmh.jpeg?q=50,4.1,India,FORCAS APPARELS ,50,retailnet@gmail.com
Fashion,Men Top Wear,T Shirts,Solid Men Round Neck Multicolor T-Shirt  (Pack of 3),SCOTT INTERNATIONAL,360,"2,397",https://rukminim2.flixcart.com/image/714/857/kk8mcnk0/t-shirt/d/b/j/m-scott-basic-scott-international-original-imafzmkssgs8bxmv.jpeg?q=50,3.9,India,switzinc,50,retailnet@gmail.com
Fashion,Men Top Wear,Shirt,Men Slim Fit Solid Slim Collar Casual Shirt,Dennis Lingo,440,"1,849",https://rukminim2.flixcart.com/image/714/857/jjolt3k0/shirt/p/v/h/l-az301-skyblue-dennis-lingo-original-imaf7588mxx5ger7.jpeg?q=50,4.1,India,MENSABRANDS,50,retailnet@gmail.com
Fashion,Men Top Wear,T Shirts,Solid Men Henley Neck Black T-Shirt,BLIVE,209,"1,999",https://rukminim2.flixcart.com/image/714/857/kf5pzm80-0/t-shirt/w/3/m/xxl-bblhenful-z14-blive-original-imafvzpkxzfgtp2k.jpeg?q=50,3.8,India,TRIPR,50,retailnet@gmail.com
Fashion,Men Top Wear,T Shirts,Solid Men Polo Neck Black T-Shirt,HRX by Hrithik Roshan,369,"1,299",https://rukminim2.flixcart.com/image/714/857/jvfk58w0/t-shirt/x/g/d/l-hrxss18mk-1001-a-hrx-by-hrithik-roshan-original-imafgc26zjagpcdq.jpeg?q=50,3.8,India,RetailNet,50,retailnet@gmail.com
Fashion,Men Top Wear,T Shirts,Solid Men Polo Neck Black T-Shirt,Eyebogler,189,"1,299",https://rukminim2.flixcart.com/image/714/857/kjx6tu80/t-shirt/s/q/k/xxl-t304-seven-rocks-original-imafzdpykqzqtzyz.jpeg?q=50,3.9,India,SevenRocks,50,retailnet@gmail.com
Fashion,Men Top Wear,Shirt,Men Regular Fit Solid Spread Collar Casual Shirt,Pepzo,285,"1,999",https://rukminim2.flixcart.com/image/714/857/kg9qbgw0-0/shirt/q/n/f/xxl-pz-db-skyblue-pepzo-original-imafwjh95bgz7dsh.jpeg?q=50,4,India,SPFASHIONHUB,50,retailnet@gmail.com
Fashion,Men Top Wear,T Shirts,Striped Men V Neck Blue T-Shirt,Eyebogler,309,"1,299",https://rukminim2.flixcart.com/image/714/857/kk76wsw0/t-shirt/5/v/x/xl-t18-tb-new-eyebogler-original-imafzhjcf9ad53yg.jpeg?q=50,4,India,MenRocks,50,retailnet@gmail.com
Fashion,Men Top Wear,T Shirts,Solid Men Round Neck Blue T-Shirt,FTX,189,599,https://rukminim2.flixcart.com/image/714/857/kq9ta4w0/t-shirt/o/t/d/s-723-6-ftx-original-imag4bhzkshdkr68.jpeg?q=50,4.1,India,FORCAS APPARELS ,50,retailnet@gmail.com
Fashion,Men Top Wear,T Shirts,Color Block Men Round Neck Multicolor T-Shirt,TRIPR,139,"1,399",https://rukminim2.flixcart.com/image/714/857/kzfvzww0/t-shirt/e/t/b/l-trbwtylrn-d27-tripr-original-imagbfzzrvfnvxkh.jpeg?q=50,4,India,TRIPR,50,retailnet@gmail.com
Fashion,Men Top Wear,T Shirts,"Striped Men Round Neck Reversible Dark Blue, Grey T-Shirt",Jump Cuts,130,679,https://rukminim2.flixcart.com/image/714/857/ky3b0y80/t-shirt/p/o/n/s-jc-19-rn-hs-navy-slv-strip-jump-cuts-original-imagaen6kvahgyrq.jpeg?q=50,4,India,maniaclife,50,retailnet@gmail.com
Fashion,Men Top Wear,T Shirts,Printed Men Hooded Neck Black T-Shirt,FastColors,139,"1,999",https://rukminim2.flixcart.com/image/714/857/kzllrbk0/t-shirt/p/j/e/s-fc4154-fastcolors-original-imagbksutbyvzxhp.jpeg?q=50,4,India,FastColors,50,retailnet@gmail.com
Fashion,Men Top Wear,T Shirts,Solid Men Round Neck Light Blue T-Shirt,FTX,189,599,https://rukminim2.flixcart.com/image/714/857/kq9ta4w0/t-shirt/w/k/7/m-723-3-ftx-original-imag4bhzaucgpuh3.jpeg?q=50,4.1,India,FORCAS APPARELS ,50,retailnet@gmail.com
Fashion,Men Top Wear,T Shirts,Printed Men Round Neck Black T-Shirt,TRIPR,139,"1,399",https://rukminim2.flixcart.com/image/714/857/l1fc0i80/t-shirt/v/u/q/xs-tblrn-d45-tripr-original-imagcztpszhg3xff.jpeg?q=50,3.8,India,TRIPR,50,retailnet@gmail.com
Fashion,Men Top Wear,Shirt,Men Regular Fit Solid Button Down Collar Formal Shirt,VeBNoR,364,"1,849",https://rukminim2.flixcart.com/image/714/857/kst9gnk0/shirt/u/a/t/l-frml-st2-vebnor-original-imag6apmphuh2ayu.jpeg?q=50,4.1,India,PRIME IMPEX,50,retailnet@gmail.com
Fashion,Men Top Wear,T Shirts,Color Block Men Mandarin Collar Multicolor T-Shirt  (Pack of 2),BLIVE,376,"2,999",https://rukminim2.flixcart.com/image/714/857/kfmv9u80/t-shirt/b/b/n/m-bmrnv-nvmrhenful-z14-blive-original-imafwfr3g69wghph.jpeg?q=50,3.8,India,TRIPR,50,retailnet@gmail.com
Fashion,Men Top Wear,T Shirts,Solid Men Round Neck Black T-Shirt,FTX,189,599,https://rukminim2.flixcart.com/image/714/857/kq9ta4w0/t-shirt/s/4/z/m-723-2-ftx-original-imag4bhz7hrxbgmh.jpeg?q=50,4.1,India,FORCAS APPARELS ,50,retailnet@gmail.com
Fashion,Men Top Wear,Shirt,Men Slim Fit Solid Mandarin Collar Casual Shirt,U TURN,376,"1,899",https://rukminim2.flixcart.com/image/714/857/kpbipow0/shirt/b/5/y/s-sh-chi-7-u-turn-original-imag3ksgu98y9yhe.jpeg?q=50,3.9,India,INTERNATIONALCOTFAB,50,retailnet@gmail.com
Fashion,Men Top Wear,T Shirts,Printed Men Hooded Neck Black T-Shirt,Eyebogler,289,"1,299",https://rukminim2.flixcart.com/image/714/857/ky1vl3k0/t-shirt/o/l/i/s-t379hs-bl-eyebogler-original-imagadhxhztmfnxm.jpeg?q=50,4.1,India,MenRocks,50,retailnet@gmail.com
Fashion,Men Top Wear,T Shirts,Solid Men Round Neck Black T-Shirt,FastColors,289,"1,999",https://rukminim2.flixcart.com/image/714/857/kyt0ya80/t-shirt/c/h/m/xl-fc4278-fastcolors-original-imagay8chxumtvkg.jpeg?q=50,3.9,India,FastColors,50,retailnet@gmail.com
Fashion,Men Top Wear,T Shirts,Solid Men Polo Neck Black T-Shirt,HRX by Hrithik Roshan,369,"1,299",https://rukminim2.flixcart.com/image/714/857/jvfk58w0/t-shirt/x/g/d/l-hrxss18mk-1001-a-hrx-by-hrithik-roshan-original-imafgc26zjagpcdq.jpeg?q=50,3.8,India,RetailNet,50,retailnet@gmail.com
Fashion,Men Top Wear,T Shirts,Printed Men Hooded Neck Dark Blue T-Shirt,TRIPR,262,"1,399",https://rukminim2.flixcart.com/image/714/857/kqy3rm80/t-shirt/s/v/q/s-tnvhdfulmask-lion-tripr-original-imag4u95ygcagub4.jpeg?q=50,4.1,India,TRIPR,50,retailnet@gmail.com
Fashion,Men Top Wear,T Shirts,"Striped Men Polo Neck White, Maroon T-Shirt",Eyebogler,286,"1,299",https://rukminim2.flixcart.com/image/714/857/kl9rssw0/t-shirt/v/n/x/xxl-t344hs-whwr-new-eyebogler-original-imagyfs59wzfztje.jpeg?q=50,4,India,SevenRocks,50,retailnet@gmail.com
Fashion,Men Top Wear,Shirt,Men Slim Fit Striped Mandarin Collar Casual Shirt,FUBAR,389,"1,499",https://rukminim2.flixcart.com/image/714/857/kim1aq80-0/shirt/k/n/i/l-skcsh-1106-mao-fubar-original-imafycz5hpfmhhyp.jpeg?q=50,3.9,India,KATELACREATION,50,retailnet@gmail.com
Fashion,Men Top Wear,T Shirts,Solid Men Round Neck Blue T-Shirt,FTX,189,599,https://rukminim2.flixcart.com/image/714/857/kq9ta4w0/t-shirt/o/t/d/s-723-6-ftx-original-imag4bhzkshdkr68.jpeg?q=50,4.1,India,FORCAS APPARELS ,50,retailnet@gmail.com
Fashion,Men Top Wear,T Shirts,"Printed Men Round Neck Dark Blue, Grey T-Shirt",Jump Cuts,194,"1,519",https://rukminim2.flixcart.com/image/714/857/kwl0akw0/t-shirt/n/z/g/l-jc21-rn-fs-navy-grey-spray-aop-jump-cuts-original-imag98etctdvzzha.jpeg?q=50,3.9,India,maniaclife,50,retailnet@gmail.com
Fashion,Men Top Wear,T Shirts,Striped Men Round Neck Yellow T-Shirt,UZee,139,"1,999",https://rukminim2.flixcart.com/image/714/857/k4vmxzk0/t-shirt/k/x/m/xl-16-panel-mustard-uzee-original-imafnzyyxzwdcn9m.jpeg?q=50,4,India,AMRENTERPRISES1,50,retailnet@gmail.com
Fashion,Men Top Wear,Shirt,Men Slim Fit Solid Spread Collar Casual Shirt,VTEXX,290,"1,299",https://rukminim2.flixcart.com/image/714/857/k070zgw0/shirt/a/j/r/s-db-royalblue-black-x-men-original-imafkfm4zqmgdqfj.jpeg?q=50,4,India,VTEXX,50,retailnet@gmail.com
Fashion,Men Top Wear,T Shirts,Solid Men Round Neck Light Blue T-Shirt,FTX,189,599,https://rukminim2.flixcart.com/image/714/857/kq9ta4w0/t-shirt/w/k/7/m-723-3-ftx-original-imag4bhzaucgpuh3.jpeg?q=50,4.1,India,FORCAS APPARELS ,50,retailnet@gmail.com
Fashion,Men Top Wear,T Shirts,"Color Block Men Round Neck Black, Yellow T-Shirt  (Pack of 2)",MANIAC,399,"1,629",https://rukminim2.flixcart.com/image/714/857/kbgu1e80/t-shirt/4/g/5/l-ss19-2pck-rgln-hs-str-yellow-black-maniac-original-imafst3grrdhayjf.jpeg?q=50,4,India,maniaclife,50,retailnet@gmail.com
Fashion,Men Top Wear,Shirt,Men Regular Fit Solid Button Down Collar Formal Shirt,VeBNoR,339,"1,849",https://rukminim2.flixcart.com/image/714/857/ktd9mkw0/shirt/m/q/x/xxl-frml-st2-vebnor-original-imag6qduuh3efv3w.jpeg?q=50,4.1,India,PRIME IMPEX,50,retailnet@gmail.com
Fashion,Men Top Wear,T Shirts,Color Block Men Round Neck White T-Shirt,FastColors,219,"1,399",https://rukminim2.flixcart.com/image/714/857/kzhbfrk0/t-shirt/u/a/n/xs-fc4296-fastcolors-original-imagbh82mrgffg3p.jpeg?q=50,3.9,India,FastColors,50,retailnet@gmail.com
Fashion,Men Top Wear,T Shirts,Solid Men Round Neck Black T-Shirt,FTX,189,599,https://rukminim2.flixcart.com/image/714/857/kq9ta4w0/t-shirt/s/4/z/m-723-2-ftx-original-imag4bhz7hrxbgmh.jpeg?q=50,4.1,India,FORCAS APPARELS ,50,retailnet@gmail.com
Fashion,Men Top Wear,Shirt,Men Slim Fit Striped Casual Shirt,ASIAN & FITCH,369,"1,287",https://rukminim2.flixcart.com/image/714/857/ktvucnk0/shirt/o/k/t/s-af-new-dgrn-adp-str-asian-fitch-original-imag74zf4pgd32cq.jpeg?q=50,4,India,ASIANANDFITCH,50,retailnet@gmail.com
Fashion,Men Top Wear,Shirt,Men Regular Fit Checkered Spread Collar Casual Shirt,ASIAN & FITCH,369,"1,287",https://rukminim2.flixcart.com/image/714/857/kchzhjk0/shirt/l/x/x/xl-fthchknew0909-asian-fitch-original-imaftm9dm6bvgsuq.jpeg?q=50,4,India,ASIANANDFITCH,50,retailnet@gmail.com
Fashion,Men Top Wear,T Shirts,Solid Men Polo Neck Black T-Shirt,HRX by Hrithik Roshan,369,"1,299",https://rukminim2.flixcart.com/image/714/857/jvfk58w0/t-shirt/x/g/d/l-hrxss18mk-1001-a-hrx-by-hrithik-roshan-original-imafgc26zjagpcdq.jpeg?q=50,3.8,India,RetailNet,50,retailnet@gmail.com
Fashion,Men Top Wear,Shirt,Men Slim Fit Solid Mandarin Collar Casual Shirt,U TURN,353,"1,899",https://rukminim2.flixcart.com/image/714/857/klzhq4w0/shirt/p/t/l/s-sh-chi-12-u-turn-original-imagyzfhgdwznary.jpeg?q=50,3.9,India,INTERNATIONALCOTFAB,50,retailnet@gmail.com
Fashion,Men Top Wear,T Shirts,"Striped Men Round Neck Dark Blue, White, Brown T-Shirt  (Pack of 3)",Jump Cuts,399,"1,499",https://rukminim2.flixcart.com/image/714/857/kbwjvrk0/t-shirt/x/k/z/xl-jc19-hs-brgdy-nv-slv-str-wt-ylbl-str-jump-cuts-original-imaft5g9fzcmpn9d.jpeg?q=50,3.9,India,maniaclife,50,retailnet@gmail.com
Fashion,Men Top Wear,T Shirts,Printed Men Round Neck Dark Green T-Shirt,Urbano Fashion,360,"1,099",https://rukminim2.flixcart.com/image/714/857/kf5pzm80-0/t-shirt/2/v/v/xl-aopleaffull-drgreen-urbano-fashion-original-imafvzqqbfbfvprv.jpeg?q=50,4,India,ImperialClothing,50,retailnet@gmail.com
Fashion,Men Top Wear,T Shirts,Solid Men Round Neck Blue T-Shirt,FTX,189,599,https://rukminim2.flixcart.com/image/714/857/kq9ta4w0/t-shirt/o/t/d/s-723-6-ftx-original-imag4bhzkshdkr68.jpeg?q=50,4.1,India,FORCAS APPARELS ,50,retailnet@gmail.com
Fashion,Men Top Wear,T Shirts,Solid Men Mandarin Collar Dark Green T-Shirt,Urbano Fashion,309,"1,099",https://rukminim2.flixcart.com/image/714/857/kcc9q4w0/t-shirt/4/d/r/s-mandplctee-black-urbano-fashion-original-imafthckzefgfgpm.jpeg?q=50,4,India,,50,retailnet@gmail.com
Fashion,Men Top Wear,Shirt,Men Regular Fit Striped Spread Collar Casual Shirt,FINIVO FASHION,440,"1,399",https://rukminim2.flixcart.com/image/714/857/ktaeqvk0/shirt/4/n/f/s-h6-finivo-fashion-original-imag6z7hwczyg4vg.jpeg?q=50,4,India,THE FF,50,retailnet@gmail.com
Fashion,Men Top Wear,T Shirts,Printed Men Round Neck White T-Shirt,JUARI BE A GENTLEMAN,414,799,https://rukminim2.flixcart.com/image/714/857/kyhlfgw0/t-shirt/i/f/9/m-v-white-juari-be-a-gentleman-original-imagapg2ctzdhr6b.jpeg?q=50,4.2,India,JUARI,50,retailnet@gmail.com
Fashion,Men Top Wear,T Shirts,Color Block Men Round Neck Multicolor T-Shirt,Eyebogler,239,"1,299",https://rukminim2.flixcart.com/image/714/857/kkvhea80hlty2aw/t-shirt/6/k/m/xl-1-t324hs-ornbwh-eyebogler-original-imagy4aqgrpznfgv.jpeg?q=50,4.1,India,MenRocks,50,retailnet@gmail.com
Fashion,Men Top Wear,Shirt,Men Regular Fit Solid Casual Shirt,GESPO,240,899,https://rukminim2.flixcart.com/image/714/857/kfoapow0-0/shirt/h/r/s/m-c1273-gespo-original-imafw2gzupzfaqdg.jpeg?q=50,3.9,India,FROST,50,retailnet@gmail.com
Fashion,Men Top Wear,T Shirts,Solid Men Round Neck White T-Shirt,Mokito,191,"1,299",https://rukminim2.flixcart.com/image/714/857/kfikya80-0/t-shirt/j/9/x/m-mokito-t-hs-white-458-mokito-original-imafvyhuagtuk2zx.jpeg?q=50,4.1,India,Bio Green Fashion,50,retailnet@gmail.com
Fashion,Men Top Wear,T Shirts,Solid Men Round Neck Multicolor T-Shirt  (Pack of 4),AWG,439,"2,999",https://rukminim2.flixcart.com/image/714/857/jjg15zk0/t-shirt/k/g/4/m-awgdft-bl-bu-sbu-pnk-awg-original-imaf7y4szsn9g2rz.jpeg?q=50,3.7,India,switzinc,50,retailnet@gmail.com
Fashion,Men Top Wear,Shirt,Men Regular Fit Solid Casual Shirt,BESPOQE,738,"1,899",https://rukminim2.flixcart.com/image/714/857/kt39jm80/shirt/j/p/h/l-onehammer-bespoqe-original-imag6ghzhghee8uy.jpeg?q=50,4.1,India,BespoqeClothing,50,retailnet@gmail.com
Fashion,Men Top Wear,T Shirts,"Striped Men Round Neck Dark Blue, White T-Shirt",BLIVE,199,999,https://rukminim2.flixcart.com/image/714/857/l09w8sw0/t-shirt/2/o/1/l-bnvwtrn-z13-blive-original-imagc3qb6hfgf8zb.jpeg?q=50,4,India,TRIPR,50,retailnet@gmail.com
Fashion,Men Top Wear,T Shirts,"Striped Men Round Neck Green, Black T-Shirt",Jump Cuts,214,"1,549",https://rukminim2.flixcart.com/image/714/857/kruyw7k0/t-shirt/b/b/e/l-jc21-rn-fs-olive-chevron-jump-cuts-original-imag5jufqadyegzh.jpeg?q=50,3.7,India,maniaclife,50,retailnet@gmail.com
Fashion,Men Top Wear,Shirt,Men Slim Fit Solid Button Down Collar Casual Shirt,VeBNoR,339,"1,849",https://rukminim2.flixcart.com/image/714/857/kzu6efk0/shirt/x/g/d/s-st2-vebnor-original-imagbr88wtcpjhxc.jpeg?q=50,4.1,India,PRIME IMPEX,50,retailnet@gmail.com
Fashion,Men Top Wear,T Shirts,Solid Men Round Neck White T-Shirt,ADIDAS,389,999,https://rukminim2.flixcart.com/image/714/857/kohigsw0/t-shirt/x/3/g/m-gu7491-adidas-original-imag2xsw6kyagzu4.jpeg?q=50,3.8,India,RetailNet,50,retailnet@gmail.com
Fashion,Men Top Wear,T Shirts,"Solid Men Mandarin Collar Green, White T-Shirt",Eyebogler,189,"1,299",https://rukminim2.flixcart.com/image/714/857/kxrvi4w0/t-shirt/l/u/x/l-t325-pgwh-eyebogler-original-imaga5g8zzvzcgaf.jpeg?q=50,4.1,India,SevenRocks,50,retailnet@gmail.com
Fashion,Men Top Wear,Shirt,Men Slim Fit Solid Spread Collar Casual Shirt,Dennis Lingo,440,"1,849",https://rukminim2.flixcart.com/image/714/857/jzzvs7k0/shirt/w/p/d/l-c301-olive-dennis-lingo-original-imafjvx3vnp2z7yd.jpeg?q=50,4.1,India,DennislingoSwastik,50,retailnet@gmail.com
Fashion,Men Top Wear,Shirt,Men Regular Fit Striped Spread Collar Casual Shirt,FINIVO FASHION,440,"1,399",https://rukminim2.flixcart.com/image/714/857/kljrvrk0/shirt/b/9/x/xl-h1-finivo-fashion-original-imagyn8d3yadz5sb.jpeg?q=50,4,India,THE FF,50,retailnet@gmail.com
Fashion,Men Top Wear,T Shirts,Solid Men Round Neck Multicolor T-Shirt  (Pack of 5),SCOTT INTERNATIONAL,839,"3,995",https://rukminim2.flixcart.com/image/714/857/kfwvcsw0-0/t-shirt/n/t/h/3xl-sc-5rn-mam-bum-rbm-bl-gr-scott-international-original-imafw9zk7zshch8r.jpeg?q=50,4.1,India,switzinc,50,retailnet@gmail.com
Fashion,Men Top Wear,Shirt,Men Regular Fit Solid Mandarin Collar Casual Shirt,Qlonz store,339,"1,999",https://rukminim2.flixcart.com/image/714/857/kqzj7gw0/shirt/4/e/5/2xl-qlonz-red-trending-shirt-qlonz-store-original-imag4vdrfggrqxuq.jpeg?q=50,4,India,,50,retailnet@gmail.com
Fashion,Men Top Wear,T Shirts,"Solid Men Round Neck White, Black T-Shirt",FastColors,139,"1,999",https://rukminim2.flixcart.com/image/714/857/l1i6w7k0/t-shirt/q/u/4/s-fc4241-fastcolors-original-imagdfyz6typghhc.jpeg?q=50,3.9,India,FastColors,50,retailnet@gmail.com
Fashion,Men Top Wear,Shirt,Men Regular Fit Printed Spread Collar Casual Shirt,HANUMNTRA,399,"1,899",https://rukminim2.flixcart.com/image/714/857/kdyus280-0/shirt/o/d/v/l-hm-shirt26-hanumntra-original-imafuqy3q4rzffx7.jpeg?q=50,4.1,India,HANUMNTRA,50,retailnet@gmail.com
Fashion,Men Top Wear,T Shirts,Color Block Men Round Neck Multicolor T-Shirt,Eyebogler,239,"1,299",https://rukminim2.flixcart.com/image/714/857/kkvhea80hlty2aw/t-shirt/6/k/m/xl-1-t324hs-ornbwh-eyebogler-original-imagy4aqgrpznfgv.jpeg?q=50,4.1,India,MenRocks,50,retailnet@gmail.com
Fashion,Men Top Wear,T Shirts,Printed Men Round Neck Maroon T-Shirt,Roadster,204,699,https://rukminim2.flixcart.com/image/714/857/kfoapow0-0/t-shirt/2/y/8/xl-8938273-roadster-original-imafw2k5ehgubvyz.jpeg?q=50,3.9,India,SAVADIKAFASHION,50,retailnet@gmail.com
Fashion,Men Top Wear,T Shirts,"Color Block Men Round Neck Green, Black T-Shirt",AUSK,224,999,https://rukminim2.flixcart.com/image/714/857/kp4difk0/t-shirt/3/1/3/xxl-d-004-ausk-original-imag3fh6shgvwy3e.jpeg?q=50,4.1,India,FROST,50,retailnet@gmail.com
Fashion,Men Top Wear,Shirt,Men Slim Fit Color Block Formal Shirt,Try This,265,999,https://rukminim2.flixcart.com/image/714/857/kxnl6kw0/t-shirt/a/2/v/m-sbs-try-this-original-imaga299mymbzqvd.jpeg?q=50,4.1,India,MJ INDUSTRIES,50,retailnet@gmail.com
Fashion,Men Top Wear,T Shirts,"Striped Men Round Neck Black, Light Green T-Shirt",Aelomart,366,"1,499",https://rukminim2.flixcart.com/image/714/857/jwmfcsw0/t-shirt/p/f/d/xxl-awt1020ol-aelomart-original-imaf7qdtbzggxbpu.jpeg?q=50,4.1,India,AELOMART,50,retailnet@gmail.com
Fashion,Men Top Wear,T Shirts,Printed Men Round Neck Red T-Shirt,JUGULAR,189,888,https://rukminim2.flixcart.com/image/714/857/kz8qsnk0/t-shirt/l/w/2/xl-1jgrh-eagle-red-jugular-original-imagbanstzm5xphz.jpeg?q=50,4.2,India,,50,retailnet@gmail.com
Fashion,Men Top Wear,T Shirts,"Printed Men Round Neck Black, White T-Shirt",MANIAC,176,"1,599",https://rukminim2.flixcart.com/image/714/857/ksuowi80/t-shirt/2/e/7/l-men21-rn-fs-black-btm-check-maniac-original-imag6btdzd882wzt.jpeg?q=50,4,India,maniaclife,50,retailnet@gmail.com
Fashion,Men Top Wear,Shirt,Men Slim Fit Checkered Spread Collar Casual Shirt,U TURN,376,"1,899",https://rukminim2.flixcart.com/image/714/857/km57hjk0/shirt/8/x/x/l-sdn-check-black-red-u-turn-original-imagf4fvy6hc3kuz.jpeg?q=50,3.9,India,,50,retailnet@gmail.com
Fashion,Men Top Wear,Shirt,Men Regular Fit Solid Casual Shirt,BESPOQE,738,"1,899",https://rukminim2.flixcart.com/image/714/857/kt39jm80/shirt/j/p/h/l-onehammer-bespoqe-original-imag6ghzhghee8uy.jpeg?q=50,4.1,India,BespoqeClothing,50,retailnet@gmail.com
Fashion,Men Top Wear,Shirt,Men Slim Fit Solid Slim Collar Formal Shirt,5TH ANFOLD,439,"1,199",https://rukminim2.flixcart.com/image/714/857/kh80vww0-0/shirt/o/y/c/m-fo-shrt-499-wht-5th-anfold-original-imaeue3b4zycypnw.jpeg?q=50,4,India,Crush,50,retailnet@gmail.com
Fashion,Men Top Wear,Shirt,Men Regular Fit Solid Spread Collar Casual Shirt,Kuki,314,"2,499",https://rukminim2.flixcart.com/image/714/857/kx7vc7k0/shirt/c/c/2/xxl-vh-brother-kuki-original-imag9q2fyezpfyz8.jpeg?q=50,3.9,India,Kuki ,50,retailnet@gmail.com
Fashion,Men Top Wear,T Shirts,Printed Men Round Neck Reversible White T-Shirt,NB NICKY BOY,224,"1,100",https://rukminim2.flixcart.com/image/714/857/kfoapow0-0/t-shirt/s/l/c/xl-haif-fine-white-one-nb-nicky-boy-original-imafw2jxvhnt2sdg.jpeg?q=50,4,India,NIKKYBOY,50,retailnet@gmail.com
Fashion,Men Top Wear,T Shirts,Solid Men Round Neck White T-Shirt,ADIDAS,389,999,https://rukminim2.flixcart.com/image/714/857/kohigsw0/t-shirt/x/3/g/m-gu7491-adidas-original-imag2xsw6kyagzu4.jpeg?q=50,3.8,India,RetailNet,50,retailnet@gmail.com
Fashion,Men Top Wear,T Shirts,Checkered Men Polo Neck Black T-Shirt,Eyebogler,366,"1,299",https://rukminim2.flixcart.com/image/714/857/kzegk280/t-shirt/p/q/o/xs-t51-bl-eyebogler-original-imagbf5tfgagrmud.jpeg?q=50,4,India,MenRocks,50,retailnet@gmail.com
Fashion,Men Top Wear,T Shirts,Self Design Men Round Neck Grey T-Shirt,HRX by Hrithik Roshan,272,899,https://rukminim2.flixcart.com/image/714/857/kod858w0/t-shirt/x/h/k/xxl-2314372-hrx-by-hrithik-roshan-original-imag2uywqg4myquw.jpeg?q=50,4.1,India,,50,retailnet@gmail.com
Fashion,Men Top Wear,T Shirts,Solid Men Polo Neck Maroon T-Shirt,SCOTT INTERNATIONAL,439,"1,499",https://rukminim2.flixcart.com/image/714/857/kgb5rbk0-0/t-shirt/z/i/j/s-ss20-sp22-scott-international-original-imafwjzdumkk7zdu.jpeg?q=50,3.9,India,,50,retailnet@gmail.com
Fashion,Men Top Wear,T Shirts,Color Block Men Round Neck Multicolor T-Shirt,Eyebogler,239,"1,299",https://rukminim2.flixcart.com/image/714/857/kkvhea80hlty2aw/t-shirt/6/k/m/xl-1-t324hs-ornbwh-eyebogler-original-imagy4aqgrpznfgv.jpeg?q=50,4.1,India,MenRocks,50,retailnet@gmail.com
Fashion,Men Top Wear,T Shirts,Striped Men Round Neck Dark Blue T-Shirt,Jump Cuts,191,"1,399",https://rukminim2.flixcart.com/image/714/857/kwjkuq80/t-shirt/t/5/k/xl-jc21-rn-fs-navy-stripe-jump-cuts-original-imag97bqewuf87m5.jpeg?q=50,3.7,India,maniaclife,50,retailnet@gmail.com
Fashion,Men Top Wear,T Shirts,Solid Men Round Neck Multicolor T-Shirt  (Pack of 4),AWG,439,"2,999",https://rukminim2.flixcart.com/image/714/857/jtbtt3k0/t-shirt/y/y/b/xl-awgdft-bu-dgr-or-gre-awg-original-imafezd6hrxnuwm7.jpeg?q=50,3.7,India,switzinc,50,retailnet@gmail.com
Fashion,Men Top Wear,Shirt,Men Regular Fit Solid Casual Shirt,BESPOQE,738,"1,899",https://rukminim2.flixcart.com/image/714/857/kt39jm80/shirt/j/p/h/l-onehammer-bespoqe-original-imag6ghzhghee8uy.jpeg?q=50,4.1,India,BespoqeClothing,50,retailnet@gmail.com
Fashion,Men Top Wear,Shirt,Men Slim Fit Solid Button Down Collar Casual Shirt,VeBNoR,339,"1,849",https://rukminim2.flixcart.com/image/714/857/kzvlua80/shirt/c/p/x/s-st2-vebnor-original-imagbs9fj2x6jzgm.jpeg?q=50,4.1,India,,50,retailnet@gmail.com
Fashion,Men Top Wear,T Shirts,"Printed Men Hooded Neck Dark Blue, Maroon T-Shirt",TRIPR,139,"1,999",https://rukminim2.flixcart.com/image/714/857/ks99aq80/t-shirt/n/g/d/l-tnvmrhdfulmask-d36-tripr-original-imag5v96u2chv7gx.jpeg?q=50,4,India,TRIPR,50,retailnet@gmail.com
Fashion,Men Top Wear,T Shirts,Printed Men Round Neck Black T-Shirt,JUGULAR,131,888,https://rukminim2.flixcart.com/image/714/857/kz4gh3k0/t-shirt/3/u/o/l-1jgrh-road-blk-jugular-original-imagb77zg5bj6jcv.jpeg?q=50,4.3,India,,50,retailnet@gmail.com
Fashion,Men Top Wear,T Shirts,Solid Men Round Neck White T-Shirt,ADIDAS,389,999,https://rukminim2.flixcart.com/image/714/857/kohigsw0/t-shirt/x/3/g/m-gu7491-adidas-original-imag2xsw6kyagzu4.jpeg?q=50,3.8,India,RetailNet,50,retailnet@gmail.com
Fashion,Men Top Wear,T Shirts,Printed Men Round Neck Black T-Shirt,JUGULAR,131,888,https://rukminim2.flixcart.com/image/714/857/kz4gh3k0/t-shirt/i/v/q/m-1jgrh-punish-blk-jugular-original-imagb78gb5ptugzg.jpeg?q=50,4.2,India,,50,retailnet@gmail.com
Fashion,Men Top Wear,Shirt,Men Slim Fit Solid Spread Collar Casual Shirt,Jai Textiles,376,"1,499",https://rukminim2.flixcart.com/image/714/857/k7usyvk0/shirt/t/h/w/xxl-hs-15-jai-textiles-original-imafqy2aznkzmdy3.jpeg?q=50,3.8,India,JaiTextiles,50,retailnet@gmail.com
Fashion,Men Top Wear,Shirt,Men Slim Fit Solid Formal Shirt,5TH ANFOLD,439,"1,199",https://rukminim2.flixcart.com/image/714/857/k1pbpu80/shirt/h/a/s/3xl-fo-shrt-499-skyblu-5th-anfold-original-imafkhhrgtwyheda.jpeg?q=50,4,India,,50,retailnet@gmail.com
Fashion,Men Top Wear,T Shirts,Solid Men Round Neck Multicolor T-Shirt  (Pack of 5),SCOTT INTERNATIONAL,839,"3,995",https://rukminim2.flixcart.com/image/714/857/kfwvcsw0-0/t-shirt/n/t/h/3xl-sc-5rn-mam-bum-rbm-bl-gr-scott-international-original-imafw9zk7zshch8r.jpeg?q=50,4.1,India,switzinc,50,retailnet@gmail.com
